unigram,unigram_frequency
ہے,803
میں,600
سے,496
نہ,394
کو,371
کہ,330
کا,325
کے,304
نہیں,286
و,279
کی,268
تو,267
دل,246
کیا,240
تھا,213
ہو,210
ہیں,200
وہ,194
بھی,191
نے,177
یہ,172
ہوں,158
ہم,151
جو,149
اس,131
بے,124
پر,112
ہوا,110
کر,106
پہ,100
کیوں,98
اور,94
کوئی,90
ہر,87
ہوتا,81
گیا,79
جس,72
ہی,69
اے,68
مجھے,65
کچھ,64
پھر,62
کس,62
غالب,61
عشق,61
گل,60
غم,59
کہیں,58
اگر,56
گر,55
اب,54
ایک,53
اک,53
خدا,53
بہ,51
سر,49
یا,49
آیا,48
میری,48
ہوئے,46
مجھ,46
کبھی,45
نظر,43
جہاں,43
ہوگا,43
مرے,43
وفا,42
تھے,42
ہائے,41
میرے,40
رنگ,40
خیال,39
پایا,39
میرا,39
تم,39
ھے,39
نکلا,38
یوں,38
یار,37
گے,37
یک,36
آئے,35
آتی,35
خاک,35
جب,35
دیکھ,35
رہا,34
لیے,33
آج,33
مگر,33
شب,33
گزر,33
تک,33
کرے,32
درد,31
ان,31
اسد,31
یاں,31
آخر,30
در,30
تیرے,30
خوں,30
تیرا,30
یاد,30
کہاں,30
غیر,29
اپنے,29
آ,29
بات,29
دیا,28
دوست,28
تھی,28
اُس,28
غالبؔ,28
سہی,28
ترے,28
مے,27
لیکن,27
جگر,27
گا,27
رہے,27
شوق,27
ناز,26
تیری,26
کم,26
تجھ,26
وہی,26
گھر,26
ہاتھ,26
جاں,26
ہوئی,25
آگے,25
حسن,25
دے,25
چمن,24
بار,24
ہمیں,23
کام,23
ورنہ,23
کسی,22
اقبال,22
آہ,22
جل,22
عالم,22
جسے,22
رہ,22
دو,22
رات,21
جائے,21
تری,21
چاہیے,21
واں,21
طرح,21
راہ,21
بہت,20
سو,20
اپنی,20
آرزو,20
زخم,20
سب,20
آپ,20
کئے,20
مر,20
جنوں,19
باقی,19
قدر,19
لب,19
راز,19
دیکھا,19
دن,19
مری,19
دم,19
تمنا,19
یہی,19
ابھی,19
کرتا,19
کہتے,19
گئیں,19
سمجھا,18
زندگی,18
خود,18
بہار,18
اسے,18
ساتھ,18
دنیا,18
ستم,18
شمع,18
خانہ,18
کریں,18
گئی,18
بزم,18
بادہ,17
اسی,17
لے,17
خواب,17
لگا,17
منہ,17
پسند,17
بنے,17
آتا,17
سوز,17
تماشا,17
حق,17
تا,17
رہی,16
دیکھتے,16
اسدؔ,16
غمِ,16
کون,16
موت,16
جان,16
حال,16
اپنا,16
مرد,16
رب,16
بھر,16
تن,16
مرا,16
سمجھ,16
نگاہ,16
کھلا,16
ترا,15
آئیں,15
قدم,15
تیغ,15
نفس,15
آئینہ,15
موج,15
چلے,15
زمانہ,15
گی,15
پهر,15
سکتا,15
قاتل,15
نقش,14
رکھ,14
انداز,14
محبت,14
دی,14
نکلے,14
صبح,14
جوشِ,14
قیامت,14
دوا,14
وحشت,14
بیاباں,14
وقت,14
ہزار,14
لیا,14
جائیں,14
مقام,14
طلب,14
ء,14
پوچھ,14
بنا,13
آتش,13
عمر,13
نام,13
گئے,13
حجاب,13
روشن,13
تیز,13
کرتے,13
آب,13
داغ,13
ساقی,13
جاتی,13
باد,13
ہوتے,13
صد,12
مشکل,12
اہلِ,12
حسرت,12
برا,12
ذوق,12
معلوم,12
مرگ,12
آساں,12
خبر,12
گم,12
خوش,12
بن,12
لوگ,12
پاس,12
زباں,12
پیدا,12
وگرنہ,12
چارہ,12
دار,12
بند,12
جانتا,12
رو,12
نالہ,12
دست,12
صحرا,12
آزاد,12
دریا,12
لالہ,12
کہا,11
دماغ,11
فقط,11
لگے,11
مستی,11
دور,11
انتظار,11
آزما,11
اچھا,11
سخن,11
بندہ,11
محفل,11
فرد,11
ایسی,11
کش,11
گریباں,11
سکا,11
ایسے,11
از,11
پانو,11
تغافل,11
سنگ,11
ساز,11
سا,11
چراغاں,11
باز,11
پا,11
تجھے,11
یہاں,11
اتنا,10
ہماری,10
زنداں,10
ذرا,10
قطرہ,10
اثر,10
جا,10
آسماں,10
داد,10
دشت,10
فکر,10
فنا,10
فلک,10
لہو,10
آئی,10
بس,10
مژگاں,10
ہنوز,10
ہستی,10
ہمارے,10
نا,10
کیے,10
ناصح,10
صبا,10
صاحب,10
الفت,10
شہر,10
عہد,10
گویا,10
نوا,10
جام,10
نگہ,10
رشک,10
اہل,9
دشمن,9
سرور,9
سرِ,9
بر,9
سوئے,9
ساغر,9
کیجے,9
رقیب,9
شکایت,9
دمِ,9
ھوں,9
گو,9
روز,9
زنجیر,9
غافل,9
فرصت,9
گزرے,9
کفن,9
اشک,9
پردے,9
پردہ,9
کب,9
پاؤں,9
امید,9
ویراں,9
مزا,9
نیم,9
پریشاں,9
بو,9
بھلا,9
ملے,9
حساب,9
ہوائے,9
جلوۂ,9
جن,9
پرواز,9
مدعا,9
جہان,9
تنگ,9
چاہتا,9
فطرت,9
خون,9
چشمِ,9
قسمت,9
تر,9
بلا,9
یارو,9
کافر,9
جز,8
نقشِ,8
نظارہ,8
گداز,8
رکھتے,8
شیشہ,8
نبرد,8
جلوہ,8
سخت,8
صدا,8
ابر,8
پڑا,8
سامنے,8
کروں,8
گزری,8
سادگی,8
پہلے,8
شام,8
زمیں,8
آئنہ,8
تیر,8
جوہر,8
شراب,8
زار,8
گلشن,8
رہیں,8
تصویر,8
جاتا,8
زیادہ,8
ادا,8
بعد,8
عزیز,8
دیدار,8
عدم,8
قید,8
لا,8
گہر,8
دیوار,8
دیدہ,8
مرنے,8
گوہر,8
بلند,8
لذت,8
آنکھ,8
مدت,8
خراب,8
دہر,8
خستہ,8
مت,8
بزمِ,8
خط,8
خار,8
دلِ,8
فیضؔ,8
بسکہ,8
حرم,8
موجِ,8
اگرچہ,8
ہاں,8
حسرتِ,8
ذوقِ,8
ملا,8
طوفاں,8
یقیں,7
خودی,7
ساحل,7
یعنی,7
تسلی,7
دعا,7
بسمل,7
بیاں,7
ھیں,7
دام,7
تمام,7
رخ,7
دونوں,7
خس,7
آدمی,7
جنبشِ,7
جی,7
حاصل,7
جستجو,7
جزا,7
حضور,7
جدا,7
روزگار,7
حیات,7
دیں,7
جاتے,7
برق,7
رہگزر,7
خالی,7
ہمارا,7
بحر,7
دیتا,7
زلف,7
خوار,7
احباب,7
آنکھوں,7
لگی,7
شعلہ,7
وہاں,7
شوخ,7
شور,7
وا,7
نہاں,7
عیش,7
اعتبار,7
کيا,7
کوہ,7
نماز,7
گرد,7
عمل,7
علی,7
مسلماں,7
کہو,7
عریاں,7
کشِ,7
ناخن,7
کف,7
منتظر,7
پائی,7
مہ,7
کاوش,7
چشم,7
بام,7
سنا,7
فیض,7
قتل,7
کہہ,7
باغ,7
سکتے,7
چاہا,7
چاک,7
سن,7
غنچہ,7
کاش,7
چکا,7
شاید,7
پوچھے,7
ملت,6
بوئے,6
معنی,6
ملک,6
امتحاں,6
منزل,6
ميں,6
بت,6
کہنے,6
خامشی,6
کي,6
قرار,6
ہزاروں,6
خونِ,6
محوِ,6
خوف,6
محرم,6
حرف,6
انجمن,6
مثلِ,6
خلد,6
خرام,6
ناک,6
کوئے,6
یارب,6
کرم,6
آئینۂ,6
ویرانی,6
بہشت,6
ہونے,6
ہوے,6
تنہائی,6
کرنے,6
پیار,6
بیخودی,6
بیداد,6
پیر,6
تلک,6
پیچ,6
وصل,6
ہوتی,6
کلام,6
آبرو,6
اقبالؔ,6
کعبہ,6
افلاک,6
جلوہٴ,6
جفا,6
نازک,6
نسخہ,6
کسے,6
نشاط,6
نصیب,6
آباد,6
جانتے,6
جانا,6
نو,6
داغِ,6
شعر,6
صورت,6
گرچہ,6
شاہیں,6
دیر,6
غزل,6
عجب,6
دیکھنا,6
گردن,6
غبار,6
کہے,6
شرم,6
آیا,6
ھو,6
اٹھا,6
شمعِ,6
بارہا,6
علم,6
عرض,6
کیسے,6
ز,6
برہم,6
آشنا,6
غلط,6
ایسا,6
شیریں,6
راضی,6
گوش,6
طرف,6
ایجاد,6
بیٹھے,6
سینہ,6
شمشیر,6
سکے,6
کہوں,6
زیست,6
شیر,5
جرأت,5
تیغِ,5
نامہ,5
روشنی,5
صنم,5
وضع,5
جذب,5
نمک,5
نشیمن,5
شکستہ,5
صدف,5
کرو,5
رہنے,5
رنگِ,5
واسطے,5
رکھتا,5
شیخ,5
دریائے,5
گرم,5
سویدا,5
چھپا,5
تاب,5
سحر,5
سفر,5
ستارے,5
گسار,5
سمجھتے,5
چار,5
سادہ,5
پیمانہ,5
پیشہ,5
سوزِ,5
یاروں,5
پیرہن,5
پہنچے,5
ہوس,5
شاخ,5
گرمی,5
توڑ,5
توڑا,5
پنہاں,5
کتنے,5
تکلف,5
زر,5
پار,5
تھیں,5
ضعف,5
تہذیب,5
کار,5
کرتی,5
گلستاں,5
طلسم,5
ہنگامۂ,5
خو,5
قفس,5
لبِ,5
لفظ,5
لو,5
خوب,5
مارے,5
خم,5
خوشی,5
غریب,5
مانا,5
غربت,5
کھٹکا,5
خرد,5
کیجیے,5
قضا,5
قرض,5
طاؤس,5
فریاد,5
ہجراں,5
درباں,5
فرنگی,5
دراز,5
فردوس,5
دامن,5
فردا,5
ہجر,5
فقر,5
فراق,5
فتنہ,5
خیالِ,5
دشوار,5
فائدہ,5
عنقا,5
خانۂ,5
کوچے,5
مینا,5
مہرباں,5
عبادت,5
عام,5
جوہرِ,5
کل,5
جوں,5
جواب,5
مسجد,5
فرنگ,5
ذرہ,5
جنت,5
گاہ,5
ذکر,5
طبیعت,5
مہر,5
جیسے,5
دیکھیے,5
مکتب,5
حالِ,5
مژگانِ,5
حریفِ,5
منظور,5
عدو,5
عذر,5
منت,5
حلقہ,5
دینگے,5
عرضِ,5
حیرت,5
مسلمانی,5
خاشاک,5
سراپا,5
شخص,5
اللہ,5
ادھر,5
آزار,5
بندوں,5
ادراک,5
اڑنے,5
بندگی,5
بہارِ,5
برگ,5
بہم,5
آدم,5
آگہی,5
اول,5
باب,5
باہر,5
اِس,5
انسان,5
امام,5
آشکار,5
آشیاں,5
آشیانہ,5
بلبل,5
آستاں,5
اندوہِ,5
بھول,5
پیکاں,4
مصر,4
زانو,4
نجات,4
وسعت,4
بندۂ,4
مومن,4
مکاں,4
کفِ,4
مقدر,4
سبزہ,4
آوارۂ,4
تپش,4
خلش,4
جنونِ,4
خرابی,4
درویش,4
کلی,4
سینے,4
جنبش,4
ظلمت,4
پائے,4
موئے,4
خواہ,4
کشمکش,4
وطن,4
دلی,4
تماشائے,4
دود,4
بد,4
تمثال,4
ازل,4
بساط,4
ساماں,4
گوشۂ,4
سیر,4
نکتہ,4
کشا,4
غرض,4
ہمیشہ,4
بنوں,4
خانے,4
شوخیِ,4
خلوت,4
ظاہر,4
کیلئے,4
مانگ,4
کیفیت,4
دفتر,4
زرد,4
لخت,4
شرر,4
افسردگی,4
آگ,4
ادب,4
بغیر,4
نورد,4
بہا,4
قوم,4
ولے,4
بجلی,4
مٹ,4
زوال,4
خیر,4
بتوں,4
گناہ,4
بلائے,4
مغفرت,4
استوار,4
خطا,4
جلتا,4
جلا,4
آواز,4
عجیب,4
مبارک,4
بندِ,4
زمین,4
مجنوں,4
نشتر,4
زلفِ,4
کھینچے,4
ہجومِ,4
عاشق,4
پیشتر,4
وعدہ,4
خرمن,4
يہ,4
ستمگر,4
بہرِ,4
شکار,4
شرار,4
دبا,4
ملی,4
زمانے,4
دانہ,4
شبِ,4
ہا,4
معاملہ,4
گلیوں,4
خفا,4
سعی,4
موسم,4
سلطنت,4
ناب,4
دید,4
پرویز,4
آؤ,4
حور,4
ایماں,4
رواں,4
میر,4
کارواں,4
وائے,4
شیشے,4
گری,4
چپ,4
حجاز,4
پرتو,4
اٹھایا,4
گزار,4
فرق,4
بچا,4
تشنہ,4
ضرور,4
دھمکی,4
فرمائیں,4
ہَے,4
صحبت,4
نیاز,4
رفتہ,4
عقل,4
صف,4
لوں,4
رنج,4
ناداں,4
کاوشِ,4
حقیقت,4
دیکھی,4
چھوڑ,4
فریب,4
مردان,4
پرست,4
نیند,4
طرزِ,4
ضبط,4
دینا,4
دین,4
پرور,4
پری,4
دھرا,4
شہہ,4
صوفی,4
بیٹھا,4
احوال,4
تقاضا,4
گشتہ,4
طاقتِ,4
تقدیر,4
فصل,4
گاہِ,4
تقریر,4
چھڑکا,4
حدیث,4
ہوش,4
حسین,4
گفتگو,4
چراغِ,4
اصل,4
لعل,4
قدح,4
شکر,4
چراغ,4
قدرت,4
طاقت,4
حد,4
اٹھتے,4
ڈبویا,4
سوا,4
مرگیا,4
دکھاتا,4
چند,4
رسوائی,4
رسوا,4
ضمیر,4
رسم,4
تالیف,4
آئینے,4
گریے,4
تار,4
بیکسی,4
راہِ,4
واعظ,4
فضا,4
نقاب,4
کردار,4
سزا,4
دوں,4
حاضر,4
سمجھتا,3
خطِ,3
ستائے,3
اٹھتا,3
ستائش,3
کہتا,3
سبھی,3
گرمِ,3
سمجھوں,3
سمجھے,3
سبق,3
خلق,3
لاکھ,3
پڑی,3
لانا,3
لباس,3
پنبہ,3
کہن,3
نظریں,3
لذّتِ,3
سرا,3
حکم,3
سراب,3
منزلِ,3
خداوند,3
خدائی,3
آفتاب,3
ختم,3
عکس,3
خدایا,3
پوچھو,3
خاکی,3
لطف,3
خمیازہ,3
حیراں,3
سرمہ,3
سرکش,3
اٹھائے,3
سرو,3
انفعال,3
لذتِ,3
خشت,3
گار,3
کہنا,3
نغمۂ,3
ستاروں,3
ستارہ,3
لبریز,3
کہکشاں,3
عناں,3
پرکاری,3
لوٹ,3
حنا,3
نظم,3
سجدہ,3
نعش,3
گرداب,3
بتا,3
اغیار,3
گراں,3
نظارۂ,3
خراج,3
عنواں,3
خاموش,3
داں,3
خنجر,3
فرقِ,3
بری,3
روزن,3
کج,3
روزِ,3
روش,3
فرش,3
قامت,3
رُو,3
مہماں,3
قبا,3
کرسکے,3
ناوک,3
چرچا,3
کرنا,3
دولت,3
ناپائیدار,3
دوش,3
رکھا,3
رکھتی,3
قد,3
رگ,3
چاہے,3
دودِ,3
قدسیوں,3
افسوس,3
دنداں,3
ناگہاں,3
نایاب,3
او,3
روتے,3
دیتے,3
بخود,3
دیدۂ,3
فشاں,3
ڈھونڈا,3
رباب,3
کئی,3
فغاں,3
رشتہ,3
چیز,3
رضا,3
چہرہ,3
چہ,3
نالوں,3
رفو,3
فرہاد,3
افعی,3
رقص,3
بدلے,3
ناتوانی,3
دیکھیں,3
دیکھو,3
دیکھنے,3
چھپائے,3
دیوانہ,3
چھوڑا,3
افکار,3
چھوٹوں,3
فہم,3
اقرار,3
نالۂ,3
میسر,3
کشاکش,3
بخشے,3
اذاں,3
زمّرد,3
غمخوار,3
قمری,3
آکے,3
داری,3
بقدرِ,3
مٹا,3
غفلت,3
زور,3
مِرا,3
خیاباں,3
قیس,3
زیر,3
لئے,3
پہلو,3
بجا,3
بتِ,3
کھا,3
نشاں,3
سارا,3
غرور,3
سازی,3
کھل,3
آنے,3
کھلنے,3
پھرو,3
کھو,3
پھرتا,3
لاشِ,3
خوابِ,3
مژگان,3
دانش,3
افسردہ,3
قلم,3
چاند,3
انہیں,3
دفینہ,3
فاش,3
ریزہ,3
پے,3
بستیوں,3
دشنہ,3
بخشا,3
غیب,3
دشتِ,3
قصہ,3
دستور,3
نخچیر,3
کفر,3
پینے,3
غنچے,3
پیمانۂ,3
دروازہ,3
غنچۂ,3
کلیسا,3
زدہ,3
قطرے,3
درس,3
اِک,3
پیغام,3
اداس,3
قلب,3
غمزہ,3
نفسِ,3
طالعِ,3
لکھا,3
ہاۓ,3
جامِ,3
جادۂ,3
عتاب,3
معذور,3
عالی,3
بازو,3
بازارِ,3
ثواب,3
آرایش,3
شجر,3
ہاتھوں,3
وعدے,3
وعدۂ,3
بہر,3
آرائی,3
عرق,3
تہی,3
تہ,3
تھک,3
ظن,3
محراب,3
وصال,3
بارِ,3
تڑپ,3
شعلہٴ,3
ہشیاری,3
اسیر,3
ورق,3
شمار,3
بادۂ,3
شان,3
جاناں,3
وہم,3
شاعری,3
مقابل,3
اچھل,3
عرصہ,3
ٹھکانہ,3
سی,3
بھرنے,3
سیاہ,3
عرش,3
مغرب,3
سیرِ,3
ٹپکتا,3
جراحت,3
سیلاب,3
مانع,3
سیم,3
مانند,3
ِ,3
گُل,3
سینہٴ,3
جبیں,3
معین,3
جبریل,3
جاوید,3
اسدِ,3
گھڑی,3
شاعر,3
جانی,3
متاعِ,3
مثال,3
ظرف,3
تنہا,3
تنگیٴ,3
صبر,3
بیم,3
مرتے,3
تذکرہ,3
یاب,3
Rahay,3
نگار,3
نیستاں,3
صرف,3
صرفہ,3
نیام,3
نیازی,3
نیا,3
مرغ,3
تازہ,3
تارِ,3
نہيں,3
اصلِ,3
صہبا,3
تابِ,3
ضبطِ,3
یقین,3
یورپ,3
اضطراب,3
طائرک,3
طاعت,3
مزہ,3
بیچ,3
بینی,3
بیٹھنا,3
صحبتِ,3
طلبگارِ,3
آتے,3
شے,3
اسیری,3
ہمت,3
تند,3
آتشِ,3
تمھیں,3
ہنر,3
شورِ,3
بیدادِ,3
اکثر,3
ہنسی,3
مشقِ,3
والے,3
شگفتن,3
آبادی,3
مدح,3
تعمیر,3
مدرسہ,3
بابِ,3
مدعی,3
تعبیر,3
شہرِ,3
شہیدِ,3
طواف,3
با,3
وادی,3
ہوگی,3
تسلیم,3
شیشۂ,3
اشعار,3
ننگِ,3
رحمت,3
جوئے,3
حجابی,3
جولاں,3
بڑا,3
جوش,3
گلی,3
بُرا,3
جمع,3
پرندوں,3
سچ,3
لکھوں,3
جگنو,3
بال,3
گستاخی,3
پرافشاں,3
سوائے,3
جنون,3
پرسوز,3
اٹھے,3
نمایاں,3
پاک,3
جینے,3
مل,3
پانی,3
بڑھ,3
جیتے,3
جیب,3
ملامت,3
حباب,3
اعتماد,3
لیتا,3
گماں,3
گفتار,3
گرہ,3
سکوت,3
اندیشہ,3
عشقِ,3
جم,3
بالش,2
اشارے,2
فرشتے,2
چنگ,2
روما,2
نکل,2
عضو,2
پناہ,2
رہرو,2
احمد,2
رہتے,2
فرسا,2
نامۂ,2
چمکا,2
فرشِ,2
طَعمہ,2
رہنما,2
پرے,2
پس,2
وجود,2
سنی,2
اظہار,2
پست,2
طوافِ,2
سروساماں,2
رہنِ,2
بدن,2
شہود,2
فرصتِ,2
روس,2
طور,2
اُسے,2
رُخ,2
چلتا,2
چلنے,2
نکتۂ,2
شکوۂ,2
شکوہ,2
شکن,2
پتھر,2
واماندگی,2
اختر,2
چراغانِ,2
رھبر,2
رگِ,2
اعتمادِ,2
اظہارِ,2
رکھوں,2
باتیں,2
رکھے,2
شک,2
باندھے,2
شکوے,2
شوقِ,2
والو,2
عصا,2
چاہیئے,2
نکلوں,2
رُک,2
طوق,2
چلا,2
ارمغاں,2
شگاف,2
چل,2
سوال,2
والوں,2
شگفتنِ,2
سفینہ,2
سرگرم,2
روح,2
سکھا,2
سفینۂ,2
روبرو,2
رسول,2
رسوم,2
ضرورت,2
ضرب,2
رشکِ,2
چیخوں,2
پرندے,2
رضواں,2
طرز,2
سمجھتی,2
رعنائی,2
پرونے,2
رفتار,2
صیاد,2
رفتارِ,2
فریادی,2
سمجھائیں,2
نگاہِ,2
صورتِ,2
طرب,2
فریبی,2
اضطرابِ,2
طاق,2
ڈوب,2
ڈرے,2
طبعیت,2
اعلان,2
فساد,2
علاج,2
ڈر,2
بالِ,2
ڈالے,2
طائر,2
فزا,2
نفرت,2
رزق,2
ناف,2
ڈالا,2
ڈال,2
سناؤں,2
رستاخیز,2
باندھا,2
طریق,2
فروغِ,2
روئیں,2
صحراۓ,2
نغمہ,2
صحرائے,2
سلطاں,2
صحرائیوں,2
پردۂ,2
بدلنے,2
عطا,2
روئیے,2
چھا,2
فرما,2
صبحِ,2
فتراک,2
طلبی,2
روانہ,2
چپکے,2
بالشِ,2
فرقت,2
صحن,2
نالٴہ,2
عمرِ,2
فروغ,2
رقیبوں,2
رقیبِ,2
سنائے,2
نیازِ,2
سما,2
سلیماں,2
صفا,2
سناں,2
چھپ,2
نیمروز,2
فروش,2
چھٹ,2
سلیقہ,2
چھوڑیں,2
پرشور,2
صدمہٴ,2
پرسش,2
نقشہ,2
بخیہ,2
وجہِ,2
رہِ,2
ياد,2
پھٹ,2
بازی,2
پابندی,2
پابند,2
نوبہار,2
سپند,2
سیہ,2
سارے,2
اڑا,2
شاد,2
غرق,2
پھولوں,2
سازگار,2
يوں,2
اچھے,2
سحرگاہی,2
سازیٴ,2
ساعت,2
نشاطِ,2
غریبی,2
باعثِ,2
زیاد,2
زہد,2
نوجواں,2
نسیاں,2
عجز,2
اسبابِ,2
نمود,2
وہمِ,2
زہرہٴ,2
پہنائے,2
شادی,2
زیاں,2
زیبا,2
زیبائی,2
آتش,2
عز,2
زیرِ,2
پوچھیں,2
پاتی,2
پھرے,2
سینۂ,2
رہگزار,2
پڑھتے,2
بتاؤ,2
ستاں,2
سکندری,2
سبزہٴ,2
سبزۂ,2
اعتقاد,2
آغوش,2
سبو,2
استاد,2
پائیں,2
بتاؤں,2
عرصے,2
سہا,2
پڑھ,2
سکی,2
ستارا,2
پڑتی,2
ننگ,2
سیل,2
غبارِ,2
باعث,2
ٹپکانے,2
سحاب,2
پھرتے,2
سامان,2
نواز,2
عذرِ,2
پھرا,2
سجدے,2
سامنا,2
پھ,2
پڑے,2
سانپ,2
سایہ,2
سجدوں,2
سجا,2
سکتی,2
سایۂ,2
غرب,2
سبب,2
پارس,2
اسباب,2
عثمانی,2
زبانِ,2
ودیعت,2
ودیعتِ,2
پیچھے,2
ورقِ,2
پند,2
شعور,2
نجف,2
ظلم,2
شعلۂ,2
وداع,2
بخش,2
پندار,2
سرمایہ,2
بارش,2
وسوسے,2
عیار,2
پیمانے,2
زخمِ,2
زادِ,2
پیکر,2
سرابِ,2
استقبال,2
سوختن,2
چاکِ,2
نکالا,2
شوخیٔ,2
سروری,2
نچوڑ,2
بخشی,2
شوخی,2
شنیدن,2
وحشتِ,2
چالاک,2
ریزِ,2
پنبہٴ,2
فارغ,2
سودا,2
نبی,2
پیہم,2
اعمال,2
پندِ,2
شش,2
وصالِ,2
وقتِ,2
شباب,2
بانگ,2
سراغ,2
بازوئے,2
پیتے,2
سراسر,2
پیام,2
مزار,2
نوردی,2
شرمندہٴ,2
ولی,2
نزول,2
پاسباں,2
نور,2
نسبت,2
غلامی,2
شاہد,2
عبرت,2
پروانہ,2
پوچھوں,2
نومیدی,2
نمرود,2
شرمندہ,2
شرمسار,2
پیمان,2
پنپ,2
وصی,2
سرشارِ,2
شرق,2
نوید,2
ادائے,2
پیشوا,2
عیسیٰ,2
آئینہ,2
پاگل,2
اٹھ,2
پوچھتا,2
سوزن,2
غمخواری,2
شبنم,2
پیالہ,2
ميری,2
ہلال,2
آغوش,2
تپاک,2
خامہ,2
خانقاہ,2
لطفِ,2
محرومیٴ,2
محشر,2
آفت,2
بیانِ,2
محشرِ,2
بندے,2
خاکِ,2
توقع,2
خاطرِ,2
کیش,2
کیسی,2
بندی,2
توفیق,2
لرزاں,2
کیسا,2
کیجیۓ,2
خرابہ,2
بندھا,2
خرامِ,2
توف,2
الماس,2
آغاز,2
خاطر,2
خوننابہ,2
رحم,2
تھم,2
حلقہٴ,2
حلقۂ,2
حمد,2
گردش,2
تگ,2
حوادث,2
مند,2
مندی,2
حوریں,2
حوصلہ,2
تکیہ,2
تکمیل,2
بنی,2
انجم,2
حِس,2
مضمر,2
گدائے,2
گدا,2
گاہے,2
حیرتِ,2
انقلاب,2
بیان,2
بنیاد,2
تپشِ,2
خارِ,2
کیجئے,2
کہیے,2
خریدار,2
خوبصورت,2
انکو,2
بیتابی,2
کھولتے,2
خوابیدہ,2
خواروں,2
تمہاری,2
ہندی,2
خواری,2
انتہا,2
خواہش,2
تمنائے,2
گہ,2
کھرا,2
آمد,2
بیخوابی,2
الفاظ,2
کھاتا,2
خودکشی,2
تمدن,2
کھائیں,2
لائیں,2
کٹنے,2
تمثالِ,2
خوشا,2
محیط,2
خوشبوئے,2
خندہ,2
خمِ,2
مور,2
خموش,2
موتی,2
خزاں,2
بیباک,2
بیباکی,2
آموزِ,2
خسرو,2
موجوں,2
خسروِ,2
خضر,2
آمیز,2
الفتِ,2
آتشیں,2
خطر,2
انکار,2
آنسو,2
آنکھیں,2
بیتاب,2
ہمتِ,2
لاگ,2
لاکھوں,2
کھینچ,2
ہمتِِ,2
موجۂ,2
خمار,2
خمارِ,2
گردوں,2
گرفتار,2
بود,2
جمال,2
مجبور,2
مارا,2
بھاگیں,2
جلتی,2
جلدی,2
ماتمِ,2
جلوت,2
جلوں,2
مائل,2
بکھری,2
جلے,2
مائدہٴ,2
جمشید,2
اندیش,2
مقتل,2
جناب,2
گلہ,2
جنازہ,2
بڑی,2
مئے,2
مقدور,2
اندھیری,2
گلِ,2
لیں,2
جنہیں,2
گلو,2
جادو,2
مجاہد,2
مان,2
اندوہ,2
اندر,2
امت,2
جاوے,2
جانوں,2
گھبرائیں,2
مثل,2
گھات,2
مجاز,2
معمورے,2
ماہ,2
اماں,2
مانگے,2
جتنی,2
آزمائے,2
گیرِ,2
مجال,2
مانندِ,2
مانعِ,2
جادہٴ,2
گوشہ,2
آزمانے,2
گور,2
ماندگی,2
گوارا,2
جرم,2
مجموعہٴ,2
گلشنِ,2
حضرتِ,2
تھمتا,2
حاجت,2
محابا,2
مطلب,2
حالات,2
الٹ,2
لکھوائے,2
آرا,2
گرہِ,2
حجت,2
ہجوم,2
تھوڑی,2
ملیں,2
گرمیِ,2
جاؤں,2
حریف,2
ممکن,2
بوسہ,2
من,2
منبر,2
بوریا,2
ہدیہ,2
بودا,2
حسنِ,2
ليکن,2
حشر,2
گرفتارِ,2
اندازِ,2
معاصی,2
حائل,2
جیے,2
جاؤ,2
مقصود,2
گلزار,2
گلدستہ,2
جواہرِ,2
ملاقات,2
گلبانگِ,2
جوّالہ,2
ھوا,2
گلا,2
بچیں,2
بچھائے,2
آرزوئے,2
اندیشۂ,2
ملتی,2
گسل,2
ملتیں,2
گستاخ,2
آستیں,2
تیموری,2
آسمان,2
جہت,2
بہاری,2
جیتا,2
لگائے,2
کُشتۂ,2
جانے,2
تلے,2
تب,2
دُکھ,2
اترے,2
مردہ,2
تجلی,2
قافلہ,2
دکاں,2
یارانِ,2
دکھ,2
کدے,2
تبسم,2
کدھر,2
دکھاوے,2
برہمن,2
دکھایا,2
تاکہ,2
دکھلا,2
طبعِ,2
کثرتِ,2
اتنی,2
یاس,2
کتنی,2
دہن,2
برہنہ,2
تاراجِ,2
دُور,2
کردیا,2
یادِ,2
تحریر,2
آہِ,2
قرآں,2
دماغی,2
کسریٰ,2
بساطِ,2
مرتبہ,2
اوجِ,2
دوئی,2
قدرٕ,2
مہتاب,2
مرحبا,2
بسا,2
دوراں,2
تدبیر,2
کرگس,2
الجھ,2
دوزخ,2
دوستانہ,2
تلوار,2
قحطِ,2
دوعالم,2
مہرِ,2
تحفہ,2
دیار,2
کتاب,2
دلّی,2
رازِ,2
کاروبار,2
را,2
نارسا,2
فقیروں,2
یکتا,2
مسائل,2
بیگانہ,2
یگانہ,2
افشاں,2
رازدار,2
رازداں,2
رازیؔ,2
دیدارِ,2
نازکی,2
فغان,2
بیکراں,2
بدگمانی,2
فضائے,2
بیٹھیے,2
راہی,2
ڈھونڈتا,2
ربط,2
ربطیِ,2
بیٹهے,2
فقیہ,2
ذلیل,2
اجزائے,2
کاغذی,2
مرغِ,2
یزداں,2
دیدہٴ,2
اثبات,2
تاثیر,2
کاکلِ,2
کاکل,2
دیوارِ,2
مرنا,2
دیوے,2
فکرِ,2
کاو,2
تابدار,2
کان,2
برقِ,2
کامی,2
K,2
برسوں,2
دیے,2
ناتواں,2
اجتہاد,2
یوسف,2
ذرّہ,2
کشاد,2
دوستی,2
دردِ,2
تقویٰ,2
آبجو,2
درِ,2
مٹنا,2
آگاہی,2
آئينہ,2
آبِ,2
دادہٴ,2
دریغ,2
تقصیر,2
تقلید,2
آئنۂ,2
دامِ,2
دستار,2
بیزار,2
آہنگ,2
مِژہ,2
دستِ,2
تسخیر,2
دستی,2
درویشی,2
تشنۂ,2
داغوں,2
ہونا,2
قلندری,2
تعجب,2
قلندر,2
ہوسِ,2
بغل,2
دب,2
ہوشیار,2
تعلیم,2
کمر,2
درماندہ,2
درازی,2
کمخواب,2
تصور,2
انگیز,2
کمالِ,2
کمال,2
آگاہ,2
کلیم,2
دائم,2
مشعل,2
خویشتن,2
کشت,2
بسیں,2
دعوتِ,2
کشتہ,2
لؤ,2
ترکان,2
دفن,2
بستی,2
کوہکن,2
ہنگامہ,2
خونیں,2
دلبری,2
کشایش,2
ترجمہ,2
دلفروز,2
دلوں,2
کشادہ,2
ترکِ,2
مدّت,2
دعوت,2
کشوں,2
قیصر,2
دشنۂ,2
دعائیں,2
بیش,2
تلخیِ,2
کشتۂ,2
خیام,2
تسبیح,2
معراج,1
مزدوریِ,1
مشکیں,1
نکلنے,1
نگہبانئ,1
مشتمل,1
مشغولِ,1
مشق,1
مشک,1
مشکبار,1
مشتِ,1
مشرق,1
معرکے,1
امم,1
معتقدِ,1
مست,1
نوخیز,1
مشکبو,1
مشرب,1
معدن,1
نگاۂ,1
امتحانِ,1
مستانہ,1
مسائلِ,1
مزے,1
مستوری,1
نکلنا,1
معجزوں,1
معرکہ,1
مشکلیں,1
نوحہ,1
مصیبت,1
مستیٔ,1
نِدا,1
نگاریاں,1
امتیازِ,1
نگارِ,1
مطابق,1
مسلک,1
نُمو,1
نگاراں,1
نکما,1
نکہت,1
مشاہدہ,1
مسکیں,1
مسیح,1
مشت,1
نکھار,1
نکو,1
مضمونِ,1
مشاطۂ,1
مصوّری,1
مسیحا,1
مشاطگی,1
نکوہش,1
مسیحائی,1
مسیحائے,1
مضطرب,1
مطلق,1
نوکر,1
معتبر,1
معانی,1
مشتاقِ,1
نگاہیں,1
نوری,1
نوشت,1
مشتاقاں,1
امروزِ,1
نگاہانِ,1
مسرت,1
نکوبین,1
اطفال,1
مشتاق,1
نِگاہ,1
نوّابی,1
مسلمانوں,1
نگاھیں,1
مشہود,1
نومبر,1
امروز,1
مشہور,1
معاني,1
مصاحب,1
نومیدیٴ,1
مصرع,1
نِگاه,1
ناصاف,1
نعرہءحق,1
معشوق,1
نبض,1
نخواستہ,1
نثار,1
مکتبِ,1
مکتوب,1
مکرر,1
مکی,1
نبوت,1
نبضِ,1
مکیں,1
الدیار,1
الجھتے,1
نواہائے,1
نباہی,1
مہاجن,1
ناگزیرِ,1
ناکیہائے,1
ناکامئ,1
ناچیز,1
مہجوری,1
ناچار,1
مہربانی,1
ناپختہ,1
الرسل,1
نخچیروں,1
مکافات,1
مژۂ,1
مِنت,1
مِنّت,1
مٹاتا,1
نسبی,1
نسبوں,1
مٹانے,1
مٹتا,1
نزرِ,1
مژدہ,1
نزدیک,1
نزاکت,1
مژدۂ,1
نرالے,1
نذرانےنہ,1
ندیمِ,1
العصر,1
ندیم,1
الشعراء,1
مژہ,1
ندا,1
مژہٴ,1
التفات,1
ناوکِ,1
مہری,1
افشاندہ,1
نؤ,1
نئی,1
افق,1
ناتوانیِ,1
ناخواندہ,1
ناخوش,1
ناقہ,1
نادان,1
ناقوس,1
نادانئ,1
نادر,1
افشردۂ,1
نازاں,1
ناقص,1
نازِ,1
نازکیِ,1
ناسخ,1
ناسزا,1
ناشگفتہ,1
ناعاقبت,1
افشانیٔ,1
افگنِ,1
الا,1
مہریِ,1
الافلاک,1
مہریٴ,1
مہمانِ,1
مہمیز,1
مۂ,1
نامیِ,1
می,1
میان,1
افسون,1
نامِ,1
میخانہ,1
میخانے,1
میدان,1
ناموری,1
نامرد,1
نامراد,1
افسونِ,1
میدانِ,1
میدیِ,1
نالے,1
التجا,1
میراث,1
مِرے,1
نسریں,1
مُژدہ,1
الہوس,1
ملخ,1
ملنا,1
ملنے,1
نقص,1
ملو,1
اعجاز,1
اعراف,1
ملوک,1
نقابِ,1
ملوکانہ,1
ملوکیت,1
ملَک,1
ملکر,1
نفی,1
نفع,1
ملکوتی,1
الٰہی,1
ممنون,1
الٰہ,1
الِف,1
منتِ,1
نقل,1
نمازوں,1
نعل,1
مقرر,1
نوازی,1
معمارِ,1
معماے,1
معمورِ,1
نوازش,1
مغاں,1
نوائے,1
اعتبارِ,1
نوآموز,1
مغربیاں,1
مغربیوں,1
مغرور,1
مفت,1
مفسر,1
امامِ,1
مقامات,1
نمودِ,1
نموئے,1
نمو,1
نمناک,1
نمط,1
منحرف,1
النعشِ,1
مُند,1
موجود,1
نصاری,1
موجہٴ,1
نشینِ,1
افروزیِ,1
موسمِ,1
موعظہ,1
موقوف,1
موقوفِ,1
مولائے,1
نشور,1
مومنوں,1
موّحد,1
ميرے,1
مَاو,1
مَیں,1
مُحابا,1
مُدّت,1
افسانے,1
نسیم,1
مُدّعا,1
مُرغِ,1
افرنگ,1
موجزن,1
نظّاره,1
نصیبِ,1
منزلت,1
منزلوں,1
منسوب,1
نظری,1
منصور,1
منطق,1
منظر,1
الميعاد,1
منعم,1
نظاّرہ,1
نظام,1
منعِ,1
منفعل,1
منّتِ,1
منگول,1
نظارا,1
موافق,1
نطق,1
الم,1
نصیر,1
نصیحت,1
میدانءکربلا,1
بینیٔ,1
نگہِ,1
آفرینش,1
کہيں,1
آمدورفتِ,1
کہیو,1
کہیںجسے,1
آمادہ,1
آلِ,1
آلودہ,1
آفریدہ,1
آمدِ,1
کیخسرو,1
کیساتھ,1
کیسہ,1
کیف,1
کیمیا,1
کیونکر,1
کیڑا,1
کہوے,1
آموزی,1
آغوشِ,1
کھڑا,1
کھودیں,1
کھول,1
کھویا,1
کھيل,1
آنکہ,1
کھٹکتا,1
کھٹکے,1
کھڑے,1
کہلاؤ,1
کھیت,1
کھیل,1
کھینچنے,1
کھینچو,1
کھینچی,1
آن,1
کہتی,1
آفاق,1
کےبارے,1
کھوئی,1
گرگ,1
گرمانے,1
آشفتگاں,1
گرمیاں,1
گرمیٔ,1
گري,1
گرِ,1
آشامی,1
آسکھوں,1
آشفتگی,1
گریز,1
گریزاں,1
گریہ,1
گزارا,1
آسکا,1
گزرا,1
گزراں,1
گرمئی,1
گرفتہ,1
گاتی,1
آشنائے,1
گالیاں,1
گالیوں,1
گام,1
گاڑو,1
آشوب,1
گدازِ,1
گدایاں,1
گرا,1
گرفتاریٴ,1
گرانِ,1
گرتا,1
آشنائیاں,1
گردشوں,1
گردشِ,1
آشفتہ,1
گردِ,1
کھودنے,1
کھنیچتا,1
نگہہ,1
کشور,1
کشافؔ,1
کشاید,1
کشتنی,1
کشتوں,1
کشتِ,1
کشتی,1
کشمیر,1
آہو,1
آینہ,1
کشی,1
آہن,1
آں,1
کفیلِ,1
کلفتِ,1
کلہ,1
کلیمیؑ,1
آہیں,1
ابتدا,1
کمتر,1
اتارے,1
کرسکا,1
کرسکتافراز,1
کرشمہ,1
اتباع,1
کرمک,1
کرن,1
کرنیں,1
ابھریں,1
ابرو,1
کرونگا,1
ابنِ,1
کرکے,1
کریدتے,1
کریم,1
کرینگے,1
ابلۂ,1
کماں,1
کمند,1
کھنچ,1
آويں,1
آيئنہٴ,1
کوکب,1
کوکوئی,1
کوکہ,1
آوے,1
کوہسارا,1
کوۓ,1
کُلہ,1
کوچہ,1
کِھلنے,1
کٹ,1
کھاؤں,1
کھائے,1
کھتے,1
کھجاتا,1
کھلتا,1
کوچۂ,1
آيہ,1
کنار,1
کوئي,1
کنارے,1
کنج,1
کنجِ,1
کنشت,1
کنعاں,1
کهولنا,1
کوئ,1
آپکو,1
کوفہ,1
کواکب,1
کوتاہی,1
کوتاہیِ,1
کوثر,1
کوجے,1
کوزہ,1
کوشش,1
گزرِ,1
گزرپارس,1
آسودگئ,1
ہنِ,1
ہمدمی,1
ہمزہ,1
ہمکنار,1
ہنس,1
ہنسائیاں,1
ہنود,1
آبیٹھے,1
آبیٹھی,1
آثار,1
آبیارِ,1
آبگینہ,1
ہوئیں,1
ہواؤں,1
ہوافغان,1
ہواے,1
آبادِ,1
ہمدم,1
آجائیو,1
ہوجیے,1
آجاۓ,1
ہارے,1
آرائیاں,1
ہاے,1
ہدف,1
آدھ,1
ہرزہ,1
آداب,1
ہستیِ,1
ہلتے,1
ہستیٔ,1
ہشیار,1
ہفت,1
ہفتاد,1
ہلا,1
ہلاک,1
ہلاہل,1
آئیو,1
ہودہ,1
گزند,1
یوسفِ,1
Main,1
یاسِ,1
Kiray,1
ید,1
یزید,1
یعقوب,1
Ghar,1
یوم,1
Muqaddar,1
Chaltay,1
یٰسیں,1
Chalna,1
یکھتے,1
Berukhi,1
Badalty,1
یہود,1
Muhabbat,1
یاران,1
آئینی,1
Wafa,1
ہونہیں,1
ہونی,1
ہوگئے,1
آؤں,1
ہوۓ,1
ہيں,1
ہٹ,1
ہیولیٰ,1
Musafir,1
Thay,1
ہیہات,1
Tha,1
ہےآپ,1
ہےعلم,1
Rastay,1
یادگار,1
آرائیِ,1
آرائے,1
ھےکس,1
گنبد,1
گلہاے,1
گلیم,1
گلے,1
آسانوں,1
گمنام,1
گناھ,1
گناہگار,1
گنج,1
گلگونہ,1
گنجایشِ,1
گنجینۂ,1
گنج‌ہاۓ,1
گندم,1
گنو,1
گنوا,1
گنواؤ,1
گلگوں,1
گلگونِ,1
آرزوئیں,1
گفتۂ,1
گزیر,1
گستاخیِ,1
گستری,1
گشتۂ,1
گفت,1
گفتارِ,1
گفتنی,1
گلبانگ,1
گلچیں,1
گلخن,1
گلزارِ,1
گلستانِ,1
آستان,1
آسایشِ,1
گلفام,1
گلوں,1
گنہ,1
آس,1
گوارہ,1
ھدایت,1
گہہ,1
آزارِ,1
گیختہ,1
گیر,1
گیسوئے,1
آزادی,1
ھائے,1
ھستی,1
گوشِ,1
ھم,1
ھماری,1
ھمزہ,1
ھنر,1
آرہوں,1
ھوے,1
ھی,1
گہوارۂ,1
گہرائیوں,1
آزردگاں,1
گھڑي,1
گوشہٴ,1
گونجی,1
گونہ,1
گوں,1
آزمانا,1
گُلستاں,1
گُلِ,1
گِرادے,1
گِرفتار,1
گِلہ,1
گھائل,1
گھاس,1
گھبرا,1
آزری,1
گھستا,1
کردہ,1
کرد,1
اتحاد,1
پردا,1
پاہے,1
پایہ,1
پایۂ,1
پاۓ,1
پتا,1
پدر,1
پرانے,1
ارمان,1
ازلی,1
ارم,1
پرستش,1
پرستی,1
پرسشِ,1
پرفشانیِ,1
پرفشاں,1
پرنم,1
پانے,1
پاسِ,1
پروائے,1
ٹھہرے,1
ٹوٹا,1
ٹپکا,1
ٹکرائیں,1
ٹکڑے,1
ٹھہر,1
ٹھہرا,1
ٹھہری,1
ٹہنی,1
پازند,1
ٹیڑھا,1
استغنا,1
پاتا,1
پاتے,1
پاداشِ,1
پادشاہوں,1
پارہ,1
پروا,1
ارغواں,1
پکارے,1
پُر,1
ارتفاع,1
اربابِ,1
پوجتا,1
ارباب,1
ارادہ,1
پيش,1
پيغام,1
پُوچھ,1
پنبۂ,1
پُھول,1
پڑ,1
اذیت,1
پڑوں,1
پڑھنے,1
پڑھیئے,1
پڑیں,1
پندارِ,1
پلے,1
پروانۂ,1
پرہیز,1
پروانے,1
پرواہ,1
پروری,1
پرویزی,1
پرویں,1
پرُ,1
پرِ,1
پریشانئ,1
پلکوں,1
ارضپاک,1
پسر,1
ارزاں,1
پشت,1
پشیماں,1
پل,1
پلا,1
ٹوٹ,1
ٹمٹمائے,1
ِمحبت,1
واقف,1
نےاردو,1
نےگوش,1
اشعراء,1
وارث,1
وارستگی,1
وارستہ,1
واسطہ,1
وام,1
نیکیوں,1
وانگبیں,1
واویلا,1
اشارہ,1
واے,1
وبال,1
وبالِ,1
وجد,1
اشکِ,1
نیک,1
ِخیال,1
نہنگوں,1
نگۂ,1
نگینِ,1
نھیں,1
نہائے,1
نہانِ,1
نہانی,1
نہنگ,1
نہں,1
نیچے,1
نہیں*کرتے,1
نہیںرہا,1
نیت,1
نیرنگ,1
نیرنگِ,1
نیلگوں,1
اشیا,1
وجدان,1
وجودِ,1
وجہ,1
وھاں,1
وقفِ,1
ولایت,1
ومن,1
وَ,1
وَش,1
اسماعیل,1
وھ,1
اسرافیل,1
وحدت,1
اسرار,1
وہیں,1
ویرانئ,1
ویرانہ,1
استواری,1
يخلف,1
َوَرع,1
وقف,1
اسنے,1
وقار,1
وفورِ,1
وحشی,1
وخرج,1
ور,1
وسمۂ,1
اسکی,1
اسپند,1
وضعِ,1
وضو,1
وظیفہ,1
وعد,1
اسي,1
وفادار,1
وفاداری,1
وفاکرتے,1
وفاۓ,1
پکار,1
پھردھڑکنےکاحوصلہ,1
اتراتا,1
ڈھونڈھا,1
ڈسنے,1
ڈهونڈتا,1
ڈوبتی,1
ڈٹ,1
ڈھانپا,1
ڈھونڈ,1
ڈھونڈتےہو,1
ڈھونڈھنا,1
ڈالیے,1
ڈھونڈے,1
ک,1
احتیاط,1
اجڑے,1
کاؤ,1
کائنات,1
اجڑ,1
ڈرتا,1
ڈالی,1
کارخانۂ,1
احرام,1
احسان,1
چکناچور,1
چکّر,1
چکے,1
چگنے,1
چھلکا,1
چھٹنے,1
چھپی,1
چینیاں,1
چھین,1
چھینے,1
چھیڑ,1
چھیڑی,1
چھیڑے,1
چیتے,1
چینِ,1
کاربندِ,1
کارخانے,1
پھرنے,1
کتنا,1
کباب,1
کبريا,1
کبریا,1
کبریت,1
اتنے,1
کتابِ,1
کتب,1
کجا,1
کاں,1
کد,1
کده,1
کدوں,1
کدہ,1
اتفاق,1
کرامت,1
کربلا,1
کاہلی,1
کاٹے,1
کارفرما,1
کافی,1
کارگر,1
کاسۂ,1
کاشانہ,1
کاشانۂ,1
اجزا,1
کافری,1
کافوری,1
کامجھے,1
کاوِ,1
کامزہ,1
کامل,1
کامیاب,1
کاندھے,1
کانپ,1
اثرِ,1
کاوشہائے,1
چڑھتے,1
چپک,1
چِھن,1
پیرو,1
پیتا,1
پیدائی,1
اداے,1
پیران,1
پیراہن,1
پیرایہ,1
پیرایۂ,1
پیش,1
پیاسے,1
پیشِ,1
پیمائی,1
ادائیاں,1
پیماں,1
پیوست,1
پیوند,1
پیوں,1
پیامِ,1
ادبی,1
چيں,1
ادناہ,1
پھونکا,1
پھوٹی,1
پھوڑ,1
پھوڑنا,1
پھیرے,1
پہاڑوں,1
پہرہ,1
پہلےبقاوسلامتی,1
پیادہ,1
پہنچ,1
پہنچا,1
پہنچوں,1
پہنچی,1
پہچانتا,1
پہچانے,1
پہچاں,1
پیٹوں,1
پیٹھ,1
اخلاقِ,1
چنتا,1
چرخ,1
احکام,1
چشمک,1
چلو,1
چلیں,1
احمقوں,1
چمک,1
چنتی,1
پیکانِ,1
چنگاری,1
چنگیز,1
چهیڑ,1
چو,1
چور,1
چوری,1
چوکھٹ,1
چرایا,1
چرا,1
اختلاط,1
چاہیں,1
پیکرِ,1
پیے,1
چادر,1
اخلاص,1
اخفائے,1
چارۂ,1
چاندنی,1
اخذِ,1
چاکی,1
چاھے,1
چاہئیے,1
چاہئے,1
اختیارِ,1
اختیار,1
چاہوں,1
مزدور,1
فراغت,1
مزاج,1
دُردی,1
دوبارا,1
دورِ,1
دوری,1
دوریا,1
بریں,1
دوستاں,1
دوستدارِ,1
دوسرا,1
دوسروں,1
دولتِ,1
دولتے,1
بریدہ,1
دوڑائے,1
دوڑتے,1
دوڑے,1
ديکھوں,1
دَامانِ,1
دَاماں,1
دَہَنِ,1
دوانے,1
دوالی,1
بسائیں,1
دلستانی,1
بستیاں,1
دعاگو,1
دعویِ,1
دعوے,1
دفعِ,1
دقیق,1
دلاں,1
دلدار,1
دلستاں,1
بساز,1
دلق,1
بستم,1
دلپذیر,1
دلکشا,1
بستر,1
بسایا,1
دماوند,1
بسانِ,1
دَیں,1
دِل,1
دشمنِ,1
دِکر,1
برگِ,1
دیدۂِ,1
دیمک,1
برکاب,1
دینے,1
برپا,1
دیواروں,1
دیوان,1
دیوانگاں,1
دیوانگی,1
دیوانے,1
دیپ,1
برو,1
برنگِ,1
دیکھتا,1
برنگ,1
دیکھوں,1
برطرف,1
دیکھے,1
دیده,1
برگیبانِ,1
دیتی,1
دکھتے,1
دِکھا,1
دِیوار,1
دِیہ,1
دکان,1
دکھا,1
دکھاؤں,1
دکھائیو,1
دکھاتی,1
دکھلائیں,1
دیتِ,1
دھمکانے,1
دھو,1
دھوتا,1
دہان,1
دہقاں,1
دہناں,1
دیئے,1
برہنگی,1
دشمنی,1
دشمنوں,1
بجز,1
خیمۂ,1
خوردنِ,1
خورسند,1
خورشید,1
خورِ,1
بلبلیں,1
خوشبو,1
بلبلِ,1
بلب,1
بلاتی,1
خونچکاں,1
خوگر,1
بلاتا,1
خُو,1
خُوب,1
خُوبانِ,1
خُود,1
خُوں,1
بلاؤں,1
خیرہ,1
خور,1
بلندیِ,1
خودہی,1
خواں,1
خندۂ,1
بناتا,1
بنات,1
خوابوں,1
خواجگی,1
بنااُڑے,1
خوارِ,1
خوانیِ,1
خواھش,1
خودوں,1
خواہشِ,1
خواہشیں,1
بنائے,1
خوباں,1
خوبرویوں,1
خوبیِ,1
بلکہ,1
خودبین,1
خیز,1
داب,1
دشمناں,1
دابتے,1
درخور,1
بصیرت,1
دردمند,1
درست,1
درسِ,1
درمانِ,1
درمیاں,1
درو,1
درویشاں,1
درپردہ,1
درکار,1
بصر,1
بشکستہ,1
دریاۓ,1
دریچے,1
بشرطِ,1
دستاویز,1
دستک,1
بسر,1
درخشاں,1
درخت,1
بطحا,1
دامانِ,1
بقولِ,1
دادن,1
دادِ,1
دادۂ,1
داراب,1
دارِ,1
داستاں,1
بقدر,1
بغض,1
بعدِ,1
دامنی,1
دانا,1
دانائے,1
دانتوں,1
دانۂ,1
دبدبۂ,1
دبستاں,1
بغداد,1
دیگر,1
برسرِ,1
ذات,1
ریشہ,1
رکے,1
رگوں,1
بخیۂ,1
رہبر,1
رہبرِ,1
رہتا,1
رہتی,1
رہزن,1
رہزنی,1
رہن,1
رہو,1
رہوں,1
رہگزارِ,1
رہینِ,1
رہیو,1
بخششِ,1
ریختہ,1
ریز,1
ریزۂ,1
رکھیو,1
رکھو,1
رکھنا,1
رُخِ,1
روٹھ,1
روپ,1
روکا,1
روکشی,1
روکے,1
رویاں,1
رویوں,1
روے,1
رُوح,1
بدا,1
رُکنے,1
رِضواں,1
رچا,1
رک,1
رکا,1
رکاب,1
بدقسمت,1
بدر,1
ریشِ,1
ریـزئ,1
ذاقِ,1
ریگِ,1
زلفیں,1
زلیخا,1
زلیخائی,1
زمامِ,1
زمان,1
بجھائے,1
زمانۂ,1
زمرد,1
بجھا,1
زن,1
زنانِ,1
زناّر,1
بجُز,1
زنجیری,1
زندان,1
زندانئ,1
زنداني,1
زندانِ,1
زندانیِ,1
بجھتی,1
زشت,1
زرہ,1
زبا,1
رے,1
بخشد,1
زادوں,1
زارِ,1
زاری,1
زانوئے,1
زاہد,1
زاہدوں,1
زبان,1
زراپرنکل,1
زبانوں,1
زبانیِ,1
زبونی,1
زبونیِ,1
بختِ,1
زخمہ,1
زدگاں,1
بجھتے,1
رونقِ,1
روم,1
بدل,1
روشناس,1
راہبر,1
راہزن,1
راہگزر,1
بدناں,1
ربا,1
ربطِ,1
ربطیٴ,1
رت,1
رتبہ,1
رحمیِ,1
رخسار,1
رخسارِ,1
رخشندہ,1
رخشِ,1
رخصتِ,1
رخوں,1
رخِ,1
ردوبدل,1
ردیف,1
راھگزر,1
راکھ,1
راندۂ,1
برترہے,1
ذر,1
برسات,1
ذرّۂ,1
بردنِ,1
ذرۂ,1
ذلت,1
ذلیخا,1
بردن,1
ذَوقِ,1
بدگمانیِ,1
برابر,1
رائیگاں,1
برائی,1
راتیں,1
راج,1
راحت,1
بدی,1
راستے,1
رس,1
رسا,1
رسائی,1
روانی,1
رند,1
بدلی,1
رنگا,1
بدلہ,1
روؤں,1
روئے,1
روا,1
روادارِ,1
روایات,1
رنجِ,1
روتا,1
روحِ,1
رود,1
رودادِ,1
بدلتی,1
روزنِ,1
بدلتا,1
بدلا,1
رنجیدہ,1
رنجور,1
رسمِ,1
رفتۂ,1
رشتہٴ,1
بدم,1
رشی,1
رعشۂ,1
رعونت,1
رفت,1
رفتن,1
رفتگی,1
رفعت,1
رنجش,1
رفیق,1
رقابت,1
رقم,1
رم,1
رمزیں,1
رموز,1
رمِ,1
رمیدہ,1
خندۂ,1
خمیازۂ,1
خموشی,1
بہادرِ,1
تھما,1
تھمے,1
بہلتا,1
بہلانے,1
بہرہ,1
تہیّہ,1
تہیّۂِ,1
تیرنگِ,1
تیرِ,1
تیرہ,1
بہتر,1
بہتات,1
بہانۂ,1
تیزیِ,1
تیشے,1
تیل,1
تیمور,1
ثمر,1
ثنا,1
بہمن,1
تگہِ,1
تکمہ,1
توراں,1
تنکا,1
تنگئ,1
تنگنائے,1
تنگی,1
تواں,1
توبہ,1
توحید,1
تودے,1
تومیدی,1
تکلّف,1
بیانی,1
تَعبوں,1
تَفِ,1
تُو,1
تپاکِ,1
تکرار,1
تکرارِ,1
بہنے,1
ثوابِ,1
جائز,1
بھرپور,1
جائیو,1
جاگنے,1
جاگے,1
جاہ,1
جایا,1
جایے,1
بھلے,1
جبریانِ,1
جبین,1
جبینِ,1
جتنا,1
جتنے,1
جحیم,1
بھرے,1
جدائیاں,1
بھری,1
جذبات,1
جذبِ,1
جذبہ,1
جذبہٴ,1
جاوگے,1
جاؤ,1
جاوداں,1
بھَوں,1
بہائی,1
جات,1
بھیس,1
بھید,1
بھیجتا,1
جادہ,1
بھڑے,1
بھٹکے,1
جانانہ,1
جاودانیِ,1
جانب,1
بھي,1
بھولا,1
جانِ,1
جانگداز,1
جانیں,1
جانیہائے,1
جانیے,1
تنک,1
تنِ,1
تنقيد,1
تنظیم,1
تاروں,1
تازِ,1
تامل,1
تاویل,1
تجسس,1
تجمل,1
بین,1
بیمارِ,1
تحاشا,1
تحقیر,1
تحمل,1
تختۂ,1
تخلص,1
تخم,1
تدبیریں,1
تذکرۂ,1
بیمار,1
ترازو,1
ترانی,1
تاراج,1
تاختن,1
تاثیریں,1
بےضابطہ,1
بیٹھوں,1
بیک,1
بیکرانہ,1
بیگانگی,1
بیگانۂ,1
بیگانے,1
بینش,1
بےدماغی,1
بےمثال,1
تاثیرِ,1
بےنام,1
بےنور,1
بےچین,1
بینائی,1
تائب,1
بینا,1
تابانی,1
تابی,1
تراوش,1
ترجماں,1
ترستے,1
بیداری,1
تقاضائے,1
تقریب,1
تقلیدِ,1
تقوی,1
تلاش,1
تلافیِ,1
تلف,1
بیدل,1
بیدار,1
تفتۂ,1
تماشائی,1
تماشاۓ,1
تمنّا,1
تمکینِ,1
تمھاری,1
تمہارے,1
تمہیں,1
تمیز,1
تفصیر,1
تفاوت,1
ترسنے,1
تصوف,1
ترک,1
بیضا,1
تسکینِ,1
تسکیں,1
تشنگی,1
تشنہٴ,1
تشکیل,1
تصدیق,1
تصوّرِ,1
بیدلؔ,1
تصوّف,1
بیدلی,1
تصویریں,1
تصّورِ,1
تعبیرِ,1
تعبیریں,1
تعزیریں,1
تعلق,1
جذبۂ,1
جراحتِ,1
بنایا,1
بندیِ,1
حیثء,1
حیرانئ,1
بنیں,1
حیف,1
حیلہ,1
خارا,1
خاراشگافوں,1
خاص,1
خالِ,1
بنگر,1
خامسِ,1
بنياد,1
خاموشی,1
خاموشیوں,1
خانقہی,1
خانمان,1
خانمانِ,1
خانماں,1
بننے,1
بهر,1
حکیم,1
حکومت,1
بوالہوس,1
حسود,1
حسینِ,1
حضرت,1
حضوری,1
بوتراب,1
حقِ,1
حلاج,1
حلبی,1
حنائی,1
حکمت,1
حوالے,1
حورو,1
حوریان,1
حوصلے,1
حَلِ,1
حُسنِ,1
حِکمت,1
حکایت,1
خاں,1
خبراں,1
جرس,1
خجالت,1
خستگی,1
خستۂ,1
خسروؔ,1
خسروی,1
خشک,1
خصم,1
خطاب,1
خطاوار,1
خطرات,1
خطیب,1
خفائی,1
خفتہ,1
خلاف,1
بنتا,1
خلشِ,1
خلعت,1
خلل,1
خلوص,1
خلیق,1
خست,1
خزینءگراں,1
خزف,1
خرابات,1
خجل,1
خجلت,1
خجلتِ,1
خدائیاں,1
خداوندان,1
خداوندگار,1
خداوندی,1
خر,1
بندگیِ,1
خزانیِ,1
خردمندوں,1
خرشید,1
خرم,1
خروش,1
خرید,1
خریرِ,1
خریص,1
خرے,1
حسرتیں,1
بوس,1
حسد,1
حسابِ,1
بکف,1
جناح,1
بڑھتے,1
بڑھتا,1
جنّ,1
جنگاہ,1
جنھیں,1
جنہں,1
بڑھا,1
جوئیِ,1
جوئےشِیر,1
جوابا,1
جوار,1
جوانوں,1
جواپنے,1
جواں,1
جواہر,1
جودی,1
جور,1
جمالِ,1
جماعت,1
جمائے,1
بھرا,1
جرعہ,1
بھروں,1
بھروسا,1
جزقیس,1
جسارت,1
بھرم,1
جستجوۓ,1
جسم,1
بھاگے,1
جلوے,1
جفاخو,1
جفاکش,1
جلتے,1
جلنے,1
جلو,1
بھاری,1
جلوۂ,1
بگڑ,1
جومقام,1
جوچلا,1
جوڑ,1
حجازی,1
حاصلی,1
بُنِ,1
حالت,1
بُرائی,1
حاملِ,1
حبابِ,1
حجابِ,1
حجاج,1
حجرہ,1
حاسد,1
حجرۂ,1
حدیثِ,1
حر,1
حرص,1
بولنا,1
بولا,1
حریفاں,1
بوسے,1
بُو,1
حاجات,1
بچے,1
بچھائی,1
جوے,1
جُز,1
جُوئے,1
جُھوٹ,1
جچا,1
جگ,1
جگانے,1
جگایا,1
جگرِ,1
بُھولے,1
جگہ,1
جھلملاتی,1
جھوٹ,1
جھکا,1
جھکتی,1
بچوں,1
بِسمل,1
جیسی,1
زندگانیِ,1
زندہ,1
امن,1
فیضِ,1
فقیہان,1
فقیہہ,1
فلاطوں,1
فلسطیں,1
فلسفہ,1
فلسفی,1
اویس,1
فلکِ,1
فن,1
اوک,1
فوتِ,1
فُرصت,1
اونچی,1
فگار,1
فگاروں,1
فگن,1
فیصلہ,1
اونچا,1
اولیٰ,1
فقیری,1
فقیران,1
ايسي,1
فریدون,1
فرقتِ,1
اُسکو,1
اُسکا,1
فروزاں,1
فرہنگ,1
اَوّلِ,1
فریادِ,1
فریبِ,1
فسانہ,1
فقرِ,1
فسردگی,1
فسردہ,1
فسون,1
فضائیں,1
اَبرِ,1
فطرتیِ,1
فغفوری,1
ايک,1
فیضان,1
قائد,1
فرعون,1
قائل,1
قربتیں,1
قرطبہ,1
قریب,1
قریہ,1
انہيں,1
قصور,1
قصوروار,1
انہوں,1
قط,1
انھیں,1
قطرہٴ,1
قطرۂ,1
قفَسِ,1
قلزم,1
قلمِ,1
قلندروں,1
قناعت,1
قند,1
قّدِ,1
قرآن,1
قدرِ,1
قدرتِ,1
قالی,1
قابل,1
قابلی,1
قاتلوں,1
قاروں,1
قاصد,1
قاعدے,1
قافلہِ,1
قالب,1
قامتوں,1
اورنگ,1
قانون,1
قباے,1
قبر,1
قبلۂِ,1
قبلے,1
قبول,1
اوقات,1
قداں,1
فرقاں,1
فرض,1
زندیق,1
غزال,1
عکسِ,1
عہدِ,1
عید,1
عیسی,1
عین,1
عیوبِ,1
غائبانہ,1
غارت,1
غاروں,1
غازی,1
آنکھوں,1
آشنا,1
غالبِ,1
آسا,1
آتی,1
غربی,1
غرقِ,1
غرورِ,1
آتشیں,1
عِلم,1
عوض,1
اٹھایئے,1
عقوبت,1
اٹھنا,1
عشوہ,1
عصاۓ,1
عضوِ,1
عظمت,1
عفو,1
عقدہٴ,1
عقدۂ,1
عقیدہ,1
عندلیبِ,1
علائیؔ,1
علامہ,1
علاوہ,1
اٹھتی,1
عناد,1
عنایت,1
عنبر,1
عنبریں,1
غریباں,1
غزلخواں,1
فرصتیِ,1
غزنوی,1
فاصلے,1
فاقوں,1
فال,1
اُڑتے,1
فتنے,1
فجر,1
فراز,1
فراست,1
بیوفا,1
اُڑ,1
فراہم,1
اُمید,1
اُمّت,1
اُصولِ,1
فرزانہ,1
فرزند,1
فرزندی,1
فرسودہ,1
فرشتہ,1
فارسی,1
اُڑنا,1
غیّور,1
آئینۂ,1
غصۂ,1
غلاف,1
غلاموں,1
غلتیدن,1
غلتیدنِ,1
آبروئے,1
غلطی,1
غلطیہائے,1
غماز,1
غَمِ,1
غمخوارِ,1
غمزدوں,1
غمیں,1
غنیمت,1
غواصی,1
غوروفکر,1
غوریؔ,1
غير,1
قہر,1
قیاس,1
قیام,1
محل,1
مجبوری,1
مجبوریاں,1
مجذوب,1
مجلس,1
مجموعہ,1
مجموعۂ,1
اندازۂ,1
مجھکو,1
مجھی,1
محال,1
انجمنِ,1
محتسب,1
محتسبو,1
محروم,1
محرومی,1
محرومیِ,1
محرومیٔ,1
محصور,1
انتہائی,1
مجالِ,1
اندازۂِ,1
متاع,1
مالی,1
مائدۂ,1
ماتم,1
ماتمیوں,1
ماجرا,1
مارکہ,1
ماریے,1
ماسوا,1
مافات,1
ماند,1
مبتلائے,1
مانوس,1
مانی,1
مانیۓ,1
ماہتاب,1
ماہِ,1
مایوسی,1
مایہ,1
مباحثے,1
محفوظ,1
محمد,1
انگور,1
محمل,1
مرجاں,1
مرحلہ,1
امیدِ,1
مردمک,1
مردوکوزندہ,1
مرزابھی,1
مرغزار,1
مرغوب,1
مرغوبِ,1
امیدوار,1
مروت,1
امکاں,1
مرگِ,1
مرہم,1
مرہمِ,1
مرہون,1
امڈے,1
مرید,1
امّید,1
مرتا,1
مرادِ,1
مراد,1
مدار,1
محنت,1
محو,1
محورے,1
محوِِِ,1
محیطِ,1
مخالف,1
مختصر,1
مخمور,1
مدام,1
امیدیں,1
انتقام,1
مدد,1
انتخاب,1
مدّعا,1
مدھم,1
مدینہ,1
مذکور,1
انبار,1
ما,1
مآل,1
اندھیرا,1
لینے,1
لال,1
لالا,1
لالۂ,1
لالے,1
لامکاں,1
لاوے,1
لاہوتی,1
لبادہ,1
لباسِ,1
لبالب,1
لبوں,1
انِ,1
لبی,1
لبیک,1
لحد,1
لختِ,1
انوکھا,1
لرزش,1
لرزنے,1
لاش,1
لازم,1
لادوا,1
قیود,1
قیامتیں,1
قیامِ,1
انگشت,1
قید_مقام,1
قیدنہیں,1
قیدِ,1
قیصری,1
قیمتِ,1
لئیم,1
لاد,1
انکی,1
لاؤں,1
لائق,1
لائے,1
لاتا,1
لاتخف,1
لاتے,1
لاحق,1
لرزیدہ,1
لسان,1
لشکریاں,1
لگتی,1
لکھوائی,1
لکھی,1
لکیریں,1
لگ,1
انساں,1
لگاؤ,1
لگاوٹ,1
لگایا,1
لگن,1
لکھ,1
انس,1
لہنا,1
لی,1
لیتے,1
لیلیِ,1
لیلیٰ,1
لینا,1
لینگے,1
لکھنے,1
لڑے,1
لطمۂ,1
لولاک,1
لطیفۂ,1
لعنت,1
لغت,1
لمس,1
لن,1
لوث,1
لوحِ,1
لوحی,1
لولوئے,1
لڑکپن,1
انصاف,1
لوگوں,1
لٹا,1
لٹاتا,1
لٹتا,1
لپٹا,1
لڑائی,1
لڑتے,1
عشرت,1
عشر,1
عشاق,1
بافِ,1
سنے,1
بالا,1
سواد,1
سوار,1
سوارِ,1
سواے,1
سوتا,1
سوتے,1
سود,1
سودائے,1
سورج,1
سوزاں,1
سوزش,1
سوزودرد,1
باقیات,1
سولی,1
سونپا,1
سونے,1
سوچتا,1
سنگِ,1
سنکر,1
سنوار,1
سنائیو,1
سمرقند,1
سمعِ,1
سمن,1
سمندر,1
سمندِ,1
سمیٹ,1
بالیدن,1
سنائیؔ,1
سنائیں,1
سنجِ,1
سناتی,1
سنبلستاں,1
سنبھال,1
سنبھالو,1
سنبھالے,1
سنتے,1
سنج,1
سنجانِ,1
سوچیں,1
سویداۓ,1
شافعِ,1
سَاماں,1
سیلئ,1
سیلابی,1
سیلیِ,1
سیما,1
سیمائے,1
سیماب,1
سینا,1
سینوں,1
بازیچۂ,1
سیکڑوں,1
سیکھ,1
سیکھا,1
سیکھی,1
سیکھے,1
بازیِ,1
سےدور,1
سےرکھ,1
سےعلم,1
سےکچھ,1
سید,1
سیاقِ,1
باشرف,1
سپیروں,1
سَبَدِ,1
سَر,1
سَرو,1
سَوا,1
سُبحہ,1
سُراغِ,1
سپاسِ,1
سپاہ,1
باطنِ,1
سہل,1
سکون,1
سکونِ,1
سکوں,1
سکھائیں,1
سکھائے,1
سکھلائے,1
باطل,1
سہارے,1
سمجھو,1
سمجھنی,1
بالیدنِ,1
سمجھاتا,1
ساقیِ,1
سالار,1
سامانِ,1
سامانی,1
بتان,1
سانسوں,1
سانپوں,1
بتاتا,1
سببوں,1
سببِ,1
سبحہ,1
سبز,1
سبل,1
سبک,1
سبیل,1
سبیلِ,1
ستاتی,1
ستانا,1
ستمہائے,1
بتاں,1
ساغرِ,1
بتایا,1
بجائے,1
زنِ,1
زنگار,1
زَر,1
زہر,1
زہرا,1
بجانِ,1
زیتون,1
زیرپا,1
سائل,1
سازِ,1
سائے,1
سات,1
بتکدے,1
ساتھی,1
بتلاؤ,1
بتخانہ,1
سازئ,1
سازد,1
ستوں,1
ستیز,1
سجھائی,1
سلام,1
سری,1
سطر,1
سطوت,1
سعیء,1
سفالی,1
باندھیے,1
سفرِ,1
سفلہ,1
سلامت,1
سرکتا,1
سلسبیل,1
سلمان,1
سلوک,1
سلگنے,1
سمائی,1
سماع,1
سمت,1
بالینِ,1
سرگشہٴ,1
سروں,1
سحرگہی,1
سرشار,1
باہم,1
سختی,1
باگ,1
سربجیب,1
سرد,1
سرداری,1
سردِ,1
سرسوں,1
سرشک,1
سروش,1
سرعت,1
سرفرازی,1
سرفروشی,1
سرمایۂ,1
سرمست,1
سرمۂ,1
سرود,1
بانکپن,1
سےگلا,1
بازوےٴ,1
عزیزاں,1
طناز,1
طالب,1
طالبانِ,1
اگرپرندوں,1
طرازیِ,1
اگا,1
اگ,1
طرفِ,1
طرفہ,1
طرۂ,1
طریقت,1
طریقوں,1
طریقہ,1
طعمہ,1
طعنوں,1
طعنہ,1
طفلِ,1
طفلی,1
اکشادہ,1
اکسیر,1
اہتــزاز,1
ضعیف,1
ضعفِ,1
صنعتِ,1
صرفِ,1
صفائے,1
صفاہاں,1
صفحۂ,1
صفِ,1
صقیلِ,1
صلائے,1
صلہ,1
ایبکؔ,1
ایاز,1
صوت,1
ایاغ,1
صورتیں,1
صُوَر,1
صِرف,1
صید,1
صیقل,1
ضد,1
طلسمِ,1
طوطئِ,1
شامت,1
طوطی,1
عبث,1
عتیق,1
اڑان,1
عجزسے,1
عداوت,1
عداوتِ,1
عذاب,1
عذارانِ,1
اچھی,1
عراق,1
عربدہ,1
عرشیوں,1
اپناہی,1
عرفاں,1
عروج,1
عروجِ,1
عزلت,1
عزم,1
اٹھیں,1
اڑاں,1
عبا,1
عاملی,1
ظریف,1
طوف,1
طوفان,1
طوفانِ,1
طولانی,1
طُرفِ,1
طہٰ,1
ظالم,1
ظرفیِ,1
ظہور,1
اڑتے,1
ظہوریؔ,1
عار,1
عاشقانہ,1
عاشقاں,1
عاشقِ,1
عاشقی,1
عاقبت,1
عالَمِ,1
صرصر,1
صدمۂ,1
صدق,1
ایجادی,1
بارے,1
شرارے,1
شرح,1
شرحِ,1
شرع,1
شرف,1
شرقی,1
باری,1
شرمائں,1
شرمائے,1
شرمندۂ,1
شریعت,1
شعلوں,1
شعلے,1
شعیہ,1
شغف,1
شفق,1
شمائل,1
شمارِ,1
شدہ,1
شدتِ,1
Badaltay,1
شاہوں,1
شامل,1
شانہ,1
شاھین,1
شاہ,1
شاہبازی,1
شاہدِ,1
شاہنشاہ,1
شاہوار,1
شاہيں,1
شبنمِ,1
شاہِ,1
شاہکار,1
شاہی,1
شاہین,1
شایانِ,1
شبستان,1
شبستاں,1
شبنمستاں,1
شمشاد,1
شمشیرِ,1
بادشاہی,1
شیون,1
شہادت,1
شہرہ,1
شہرۂ,1
بااللساں,1
شیرازہ,1
شیراں,1
ایّام,1
شیطان,1
شیوہ,1
شھرت,1
صاف,1
ایمان,1
ایمائے,1
صبور,1
ایما,1
ایراں,1
ایذا,1
صدائے,1
شہ,1
شگفتگی,1
بادشاہ,1
شورش,1
شمعیں,1
شناسائی,1
شناور,1
بادشا,1
شوخئ,1
شوخیاں,1
شوخیٴ,1
بادبان,1
شوریدگی,1
شکلِ,1
شوریدہ,1
باج,1
شوکت,1
شکائتیں,1
شکرخند,1
شکستِ,1
باتوں,1
شکل,1
Adawat,1
